url,gtms,ga3Properties,ga4Properties,redirects,error,visited
louren.co.in/redirect302/redirect301/www.example.com,,,,"https://louren.co.in/redirect301/www.example.com, https://www.example.com/",,true
mueveloconpepsi.com,GTM-N68FXMB,UA-113093403-120,G-6N8BJM8118,,,true
promopepsi.com.ar,,,G-9JFBQVTB60,,,true
doritos.com.br,GTM-5Q6XT35,UA-157267572-16,G-HPFHKFTD8H,,,true
gatorade.com.br,,,,,,true
mabel.com.br,,,,,,true
campoaopacote.lays.com.br,GTM-WG6Q9CK,UA-157267572-21,G-6LEJVNGDRP,,,true
sumalesabor.com,,,,,,true
tussnacksfavoritos.com,GTM-5VHT8DX,,,,,true
fritolaypromotion.com,,,,,,true
fritolaysnacks.com.pe,GTM-5VHT8DX,,,,,true
rankeatedoritos.com,,,,,,true
clipsy.rs,,,,,,true
pepsi.at,GTM-MMWBRNN,,,,,true
pepsicoicecek.com.tr,GTM-MBPD37X,,,,,true
7up.fr,GTM-WR7X6DH,,,,,true
alvalle.fr,GTM-THJTD9K,,,,,true
fruko.com.tr,,,,,Erro na navegação: page.goto: net::ERR_NAME_NOT_RESOLVED at http://fruko.com.tr/_=========================== logs ===========================_navigating to "http://fruko.com.tr/"_ waiting until "domcontentloaded"_============================================================,true
lays.hu,GTM-5LG3WR7,,,,,true
lays.it,GTM-NLJ44GX,,,,,true
swietujzlaysipepsi.pl,,,,,,true
pepsi.fr,GTM-PDPTVBX,,,,,true
quaker.fr,GTM-PV7JWGK,,,,,true
gewinnen-mit-punica.de,,,,,,true
lipton-probier-mich.de,GTM-NXPHZPM,UA-9613428-53,G-BGKTNL9S3B,,,true
mountaindew.se,,,,,,true
lays-images.com,,,,,,true
pepsi.si,GTM-NLP4TKX,UA-115179195-1,,,,true
pepsimax.it,GTM-K8K3B7C,,,,,true
simba.co.za,,UA-156584197-1,,,,true
cms.dothedewsaudi.com,,,,,,true
liquifruit.co.za,,UA-12425318-1,G-PC99412GHW,,,true
win.redrockdeli.com.au,,,,,,true
summerpromo.pepsimax.com.au,,UA-151511302-4,G-EBL39WGCVG,,,true
quaker.com.my,,,,,,true
pepsico.com.pk,,UA-127890596-1,G-D8V186Q20P,,,true
pepsirecycled.com,,,,,,true
marmite.co.za,,,,,,true
moirs.co.za,,UA-28206710-1,G-MHHN0DV1LY,,,true
khouseofpepsi.com,,,,,,true
dothedewsaudi.com,GTM-K48VG63,,G-KCV6N35R2C,,,true
pocavietnam.com,GTM-PVMPQ39,,G-X57G4FH9T2,,,true
admin-panel.pocavietnam.com,,,,,,true
duetdogry.pl,,,,,,true
ganapremiosconkfcypepsimax.es,,,,,,true
media.pepsico.com,,,,,,true
websitecontrolcenter.pepsico.com,,,,"https://secure.pepsico.com/oauth2/aus1ljxpv3z9G8NGl0h8/v1/authorize?client_id=0oa1n3xpen9l5J2YE0h8&code_challenge=CElsVTpl4sLBfnX5R5L-hGF4aQxykp5_tWPmYMKzi3g&code_challenge_method=S256&nonce=qJ9NRhdzCLzKtAfdTf1WiN60SqLtVTxObu4rUcgfyoi2Yx2y0ekVD8QZTG9FM94V&redirect_uri=https%3A%2F%2Fwebsitecontrolcenter.pepsico.com%2Flogin%2Fcallback&response_type=code&state=5dTxjVKP364bB451Bf6cvxxx5gI09bWn5z1fCPHerF1OpTSk237yr0K5DuoGbVFX&scope=email%20openid%20profile%20wsp-scope%20address%20phone%20offline_access%20pepappwspdashboardroles, https://secure.pepsico.com/sso/idps/0oa1j91d0vcZaVGvd0h8?stateTokenExternalId=RXNYRllTZ2U1ZHFOL1FsMjNQU2M5MXprdDdsdUVTSzZUR3dOSS8rSzJmb1FpblE3eWNHelRQNzJuUG8wczg3Mw, https://secure.mypepsico.com/associatesso/login",,true
api.brasil3kmpepsi.com,,,,,,true
api.3kmpepsi.com,,,,,,true
rockstarsummer.com,,,,,,true
smithstasteicons.com.au,,UA-209052686-9,G-V353KBL50G,,,true
obela.mx,,,,,,true
promocionespepsico.com,,,,,,true
pepsilollacl.com,,,,,,true
pepsicr.com,GTM-P9FCVVS,,G-JMK7F3S9DH,,,true
salvandolochapin.com,,,,,,true
pepsi.cl,,,,https://pepsi.cl/concurso/,,true
gssilatam.org,"GTM-5WD7PPL, GTM-M6DPSCF","UA-64637422-7, UA-145358542-3","G-Z1P6ENCMSK, G-F5C933V37B",,,true
mialmacenero.cl,GTM-TN5Q7TQ,UA-167974108-1,,,,true
promocionespepsicolatam.com,,,,,,true
actitudverano.cl,,,,,,true
eshoradefutbol.com,,,,,,true
elbotinfritolay.com,,,,,,true
scratchtogreatness.com,,,,,,true
theideatory.com,,,,,,true
pepsicoideatory.com,,,G-LM7NP97NE2,,,true
sunbites.mx,,,,,,true
querovenderpepsico.com.br,GTM-WCCS66Q,UA-157267572-24,G-0BXKXL5S8Z,,,true
laysfutbol.com,,,,,,true
tostitos.com.pe,GTM-5VHT8DX,,,,,true
unlockthesmiles.com,,,G-K103YGH4H6,,,true
chesterdrop.com,,,,,,true
pepsigoldengiveaway.com,,,G-XECH83H1M0,,,true
be.pepsimovietime.gr,,,,,,true
pepsi.tumblr.com,,,,,,true
gatoradesportsshop.com,GTM-5KZK6S6,"UA-11401921-90, UA-113093403-120",G-PYCL5J64TJ,https://www.gatorade.com/,,true
freetheessence.com.br,,,,,,true
doritosticketoffer.com,,,,,,true
liptonicedteaday.com,,,,,,true
gatoradefootball.com,GTM-5KZK6S6,"UA-11401921-90, UA-113093403-120",G-PYCL5J64TJ,https://www.gatorade.com/,,true
gatoradeendurance.com,GTM-5KZK6S6,"UA-11401921-90, UA-113093403-120",G-PYCL5J64TJ,https://www.gatorade.com/,,true
fuelyourwaytothechampionship.com,GTM-5KZK6S6,"UA-11401921-90, UA-113093403-120",G-PYCL5J64TJ,https://www.gatorade.com/,,true
gatoradebigten.com,GTM-5KZK6S6,"UA-11401921-90, UA-113093403-120",G-PYCL5J64TJ,https://www.gatorade.com/,,true
sweatearnschampionships.com,GTM-5KZK6S6,"UA-11401921-90, UA-113093403-120",G-PYCL5J64TJ,https://www.gatorade.com/,,true
fueltomorrowcfb.gatorade.com,GTM-5KZK6S6,"UA-11401921-90, UA-113093403-120",G-PYCL5J64TJ,https://www.gatorade.com/,,true
mtndew.live,,,,,,true
dewventure.com,GTM-KVNTN8D,,G-QYN6N2KNW0,https://www.dewventure.com/,,true
starrywalmart.com,,,,,,true
pepsi.brandmovers.co,,,,,,true
gametimewithquaker.com,,,,"http://gametimewithquaker.com/?t=16a13d8cbeec55ba3c7be6656ecc54c5, http://ww9.gametimewithquaker.com/",,true
cle.mypepsico.com,,,,"https://secure.pepsico.com/oauth2/aus1ljxpv3z9G8NGl0h8/v1/authorize?client_id=0oa1r0naiyx2Vn3Ot0h8&code_challenge=dbUtKakoB5LY2R288stXNi8e0kiQ_mQwGPgT0hr37Yk&code_challenge_method=S256&nonce=8uHlesYwD3yU7ne3F8pZQXQoZzdM9xJJknzDlYI1EZ0jRlD7pbRocMPrs1EovcxT&redirect_uri=https%3A%2F%2Fcle.mypepsico.com%2Fcallback&response_type=code&state=vvQaG6ubLLNflbYnniYz8OLdtgE6plCOxIFDeDKHc4I1ObdpTunYzgIOwraKGGUv&scope=openid%20profile%20email, https://secure.pepsico.com/sso/idps/0oa1j91d0vcZaVGvd0h8?stateTokenExternalId=djFLL1lxTWM3WmpOR0wvMThwdDlZTldJY3NIb2ZkR1FjeXdEdTZZU0NmZEIzM0RkTVdDVkFWZkNLV0J0R05qNw, https://secure.mypepsico.com/associatesso/login",,true
pepsisportsentry.com,GTM-P6D8QFZ,UA-113093403-120,,"https://pepsi.com/, https://www.facebook.com/PepsiBrasil, https://www.facebook.com/login/?next=https%3A%2F%2Fwww.facebook.com%2FPepsiBrasil",,true
innovationhub.mypepsico.com,,,,,,true
pepsipromos.com,GTM-TT9KWH3,"UA-8429874-45, UA-205502479-1",G-Q96NK6RW68,,,true
pepsipayzero.com,,,,,,true
drinkbolt24.ca,,,,https://www.gatorade.com/,,true
gatoradefuelyourgame.com,,,,https://www.gatorade.com/,,true
upgradeyourstrength.com,,,,,,true
gatorade5v5.com,GTM-TWMWWJ8,,G-W0RTKHPYXR,,,true
preparatecontodo.com,,,,,,true
veranomashot.com,,,,,,true
fritolaypanama.com,,,,,,true
chokis.com.co,,,,,,true
passport.pepsidigin.com,,,G-5CGQ2CCB96,,,true
pepsicojuntoscrecemos.com,,,,,,true
starrynbasweeps.com,GTM-WM8HC6N,,,,,true
tastytoobs.com.au,GTM-P8MCPFQ,UA-198726561-2,,https://www.tastytoobs.com.au/,,true
misttwst.com,GTM-WM8HC6N,,G-KT0G89RGNS,https://www.starrylemonlime.com/,,true
calebskola.com,GTM-535Z82V,UA-21916759-1,,"https://www.pepsico.com/brands/product-information, https://www.pepsico.com/our-brands/creating-smiles/our-products",,true
lemonlemonsparkling.com,GTM-5JPRMJK,UA-193025036-65,G-B3PEYSW96Y,"https://www.pepsicobeveragefacts.com/, https://www.pepsicoproductfacts.com/",,true
pepsicares.com,GTM-5VMFMHK,"UA-113093403-58, UA-113093403-120",G-13BK587HRT,"http://www.pepsiborninthecarolinas.com/, https://www.pepsiborninthecarolinas.com/",,true
pepsihalftime.com,,,,"https://www.pepsi.com/, https://www.facebook.com/PepsiBrasil, https://www.facebook.com/login/?next=https%3A%2F%2Fwww.facebook.com%2FPepsiBrasil",,true
giesabreak.scottsporage.com,,,,https://www.giesabreak.scottsporage.com/,,true
kibicujzlays.lays.pl,GTM-WQ7JDZV,,,https://www.kibicujzlays.lays.pl/,,true
cheetos.be,GTM-PCDPDFD,,,"https://lays.be/Cheetos, https://www.lays.be/Cheetos, https://www.lays.be/nl/cheetos",,true
piperscrispsexport.com,GTM-W4C8CQ7,,,"https://www.piperscrisps.com/, https://www.piperscrisps.com/en",,true
menu.pepsimax-lays.com,GTM-NLJ44GX,,,https://lays.it/,,true
pepsimax-lays.com,GTM-NLJ44GX,,,https://lays.it/,,true
copellafruitjuices.co.uk,GTM-WHRT48N,UA-9613428-14,,https://copellafruitjuice.co.uk/,,true
cruesli.be,GTM-N2CQ7LG,,,"https://www.quakeroats.be/producten/cruesli/quaker-cruesli-frambalicious?language=be-nl&admin_domain_redirect=1, https://www.quakeroats.be/producten/cruesli/quaker-cruesli-frambalicious?language=be-nl, https://www.quakeroats.be/producten/cruesli/quaker-cruesli-frambalicious",,true
cruesli.nl,GTM-WM2NDDN,,,https://www.quaker.nl/,,true
konkurscheetos.pl,GTM-M63GLSC,,,"https://konkurs.cheetos.pl/, https://www.cheetos.pl/",,true
nakedjuice.fr,GTM-5J47F65,,,"https://nakedjuice.co.uk/, https://nakedjuice.co.uk/home",,true
nobbys.co.uk,GTM-P74F4C,"UA-131300483-1, UA-113093403-120",G-NNHNDERDX5,https://contact.pepsico.com/walkers,,true
pepsi.se,GTM-KNSCN3S,,,https://www.pepsimax.se/,,true
pepsifootball.com.mt,,,,"https://facebook.com/PepsiMalta, https://www.facebook.com/PepsiMalta, https://www.facebook.com/login/?next=https%3A%2F%2Fwww.facebook.com%2FPepsiMalta",,true
tasteusloveus.com,GTM-TLMXWDN,,,"https://walkers.co.uk/, https://www.walkers.co.uk/",,true
tostitos.co.uk,,UA-113093403-120,,"https://tostitos.com/, https://www.tostitos.com/",,true
tropicanajuice.dk,,,,"https://tropicana.com/, https://www.tropicana.com/",,true
veranopepsimax.com,GTM-W3GKF2F,,,"https://pepsimax.es/, https://www.pepsi.es/",,true
walkers-snacks.co.uk,GTM-TLMXWDN,,,https://www.walkers.co.uk/,,true
cheetos.nl,GTM-KVSQ3JX,,,"https://lays.nl/Cheetos, https://www.lays.nl/Cheetos, https://www.lays.nl/nl/cheetos",,true
filmyzlays.lays.pl,GTM-PTXSD6P,,,https://www.filmyzlays.lays.pl/,,true
kibicepepsi.pl,GTM-WTB382F,,,"https://pepsi.pl/, https://www.pepsi.pl/",,true
konkursurodzinowy.pl,GTM-5TFPQQQ,,,https://www.konkursurodzinowy.pl/,,true
navidadpepsimax.com,GTM-W3GKF2F,,,"https://pepsimax.es/, https://www.pepsi.es/",,true
promocjastar.pl,GTM-PJPGZ5S,,,https://www.promocjastar.pl/,,true
punica-images.com,,,,https://punica.de/,,true
scottsporage.com,GTM-P74F4C,"UA-131300483-1, UA-113093403-120",G-NNHNDERDX5,https://contact.pepsico.com/scottsporageuk,,true
wakacyjnenagrody.pl,GTM-5W79ZMM,,,https://www.lays.pl/,,true
zabawazcheetos.pl,GTM-M63GLSC,,,"https://cheetos.pl/, https://www.cheetos.pl/",,true
konkurspepsi.pl,GTM-WTB382F,,,https://www.pepsi.pl/,,true
latozlipton.pl,GTM-WTB382F,,,https://www.pepsi.pl/pozostale-smaki/lipton-ice-tea/,,true
letnialoteria.pepsi.pl,GTM-NJG9RKL,,,https://www.letnialoteria.pepsi.pl/,,true
letnieduety.pl,GTM-WTB382F,,,https://www.pepsi.pl/pozostale-smaki/lipton-ice-tea/,,true
lipton-images.com,,,,https://www.lipton-images.com/,,true
pepsi-images.com,,,,https://www.pepsi-images.com/,,true
rockstar-images.com,,,,https://www.rockstar-images.com/,,true
cheerforourhour.com,,,,https://www.cheerforourhour.com/,,true
meanwhileinthepepsi-verse.com,GTM-5HVG8WF,UA-151511302-3,"G-0Y8ZHG2KQY, G-2FYSEC8MP9",https://www.meanwhileinthepepsi-verse.pepsimax.com.au/,,true
quaker.com.hk,,UA-126502955-1,G-WJNLBJKJSG,https://www.quaker.com.hk/,,true
freethebirdnz.com,,,,https://www.freethebirdnz.com/,,true
tostitos.co.nz,,,,https://www.tostitos.co.nz/,,true
latozlays.pl,GTM-5W79ZMM,,,https://www.lays.pl/,,true
konkursnawakacje.pl,GTM-WTB382F,,,https://www.pepsi.pl/pozostale-smaki/lipton-ice-tea/,,true
pepsi-max-tastechallenge-app.com,,,,"https://www.pepsi-max-tastechallenge-app.com/, https://www.pepsi-max-tastechallenge-app.com/app, http://www.pepsi-max-tastechallenge-app.com/app/, https://www.pepsi-max-tastechallenge-app.com/app/",,true
pepsifootball.com,,,,https://www.pepsifootball.com/,,true
theblackartrising.com,GTM-NZZNCQ,,,"https://lifewtr.com/, https://lifewtr.com/en-us/home",,true
darrnudaraa.mountaindew.in,,,,https://www.youtube.com/watch?v=xwoSWJ52FHc,,true
pepsico.lat,,,,"https://pepsico.com/, https://www.pepsico.com/",,true
quaker.cl,GTM-WVD7HQC,"UA-130574213-3, UA-54378716-50",,https://quaker.lat/cl/,,true
raices.cl,,UA-227509156-1,,https://www.gruporaices.cl/,,true
loteriapilkarska.pepsi.pl,GTM-NJG9RKL,,,https://www.loteriapilkarska.pepsi.pl/,,true
konkursfilmowy.pepsi.pl,,,,https://www.konkursfilmowy.pepsi.pl/,,true
layssverige.se,GTM-W4M66HZ,,,https://www.layssverige.se/,,true
cytosport.com,,,,https://www.musclemilk.com/,,true
monstermilk.com,,,,https://www.musclemilk.com/,,true
getoutsidewithevolve.com,,,,https://www.drinkevolve.com/,,true
account.pepsico.com,,,,"https://p.pepsico.com/profile, https://p.pepsico.com/error",,true
greenlabelexclusives.com,GTM-M85GXQ,UA-30251-5,,"http://greenlabel.com/, https://www.complex.com/",,true
pepsicomomentstosave.com,,,,"https://www.pepsico.com/Brands/BrandExplorer, https://www.pepsico.com/brands/product-information",,true
playultimatematchup.com,,,,"https://www.pepsi.com/, https://www.facebook.com/PepsiBrasil, https://www.facebook.com/login/?next=https%3A%2F%2Fwww.facebook.com%2FPepsiBrasil",,true
pepsirocksnow.com,,,,"https://www.pepsi.com/, https://www.facebook.com/PepsiBrasil, https://www.facebook.com/login/?next=https%3A%2F%2Fwww.facebook.com%2FPepsiBrasil",,true
dietpepsi.com,,,,"https://www.pepsi.com/, https://www.facebook.com/PepsiBrasil, https://www.facebook.com/login/?next=https%3A%2F%2Fwww.facebook.com%2FPepsiBrasil",,true
fbfoodservice.pepsi.com,,,,"https://www.pepsi.com/, https://www.facebook.com/PepsiBrasil, https://www.facebook.com/login/?next=https%3A%2F%2Fwww.facebook.com%2FPepsiBrasil",,true
gamedayofficial.com,,,,"https://www.pepsi.com/, https://www.facebook.com/PepsiBrasil, https://www.facebook.com/login/?next=https%3A%2F%2Fwww.facebook.com%2FPepsiBrasil",,true
pepsianthems.com,,,,"https://www.pepsi.com/, https://www.facebook.com/PepsiBrasil, https://www.facebook.com/login/?next=https%3A%2F%2Fwww.facebook.com%2FPepsiBrasil",,true
hypedforhalftime.com,,,,"https://www.pepsi.com/, https://www.facebook.com/PepsiBrasil, https://www.facebook.com/login/?next=https%3A%2F%2Fwww.facebook.com%2FPepsiBrasil",,true
kickstart.mountaindew.com,GTM-WT8K3Q3,UA-32102700-1,G-0ZFPQB6RCH,"https://www.mountaindew.com/kickstart, https://www.mountaindew.com/mtn-dew-kickstart/, https://www.mountaindew.com/products/mtn-dew-kickstart-black-cherry/",,true
green-label.com,GTM-M85GXQ,UA-30251-5,,"http://greenlabel.com/, https://www.complex.com/",,true
pepsichallenge.com,,,,"https://www.pepsi.com/, https://www.facebook.com/PepsiBrasil, https://www.facebook.com/login/?next=https%3A%2F%2Fwww.facebook.com%2FPepsiBrasil",,true
sitios.univision.com,GTM-TDVV9BR,UA-81851967-1,G-36LKB3355L,https://www.univision.com/,,true
sobeunderthecap.com,GTM-TTHZNN,"UA-11401921-73, UA-113093403-120",,https://www.sobe.com/,,true
projectcobalt.com,GTM-SXRF,"UA-76325549-1, UA-115508484-1",G-3K6H374GJN,https://dan.com/buy-domain/projectcobalt.com?redirected=true,,true
bemoreteafestival.com,GTM-WCBFC6T,,"G-ZM033BT7WB, G-5K6RSKWVS3","https://www.lipton.com/, http://www.lipton.com/us/en/home.html, https://www.lipton.com/us/en/home.html, https://www.lipton.com/us/en/",,true
doubleshotpromo.com,GTM-NXP5CQ,UA-82424379-1,G-VMTHZW7WSM,"http://doubleshot.com/, https://www.starbucks.com/menu/catalog/product?drink=bottled-drinks, https://www.starbucks.com/menu",,true
pepsportsrewards.com,,,,"http://www.pepsination.com/, https://www.pepsination.com/",,true
shop.pepsi.com,,,,"https://www.pepsi.com/, https://www.facebook.com/PepsiBrasil, https://www.facebook.com/login/?next=https%3A%2F%2Fwww.facebook.com%2FPepsiBrasil",,true
savorthesunrise.com,GTM-P8LK38,"UA-28148907-2, UA-113093403-120",,https://www.quakeroats.com/,,true
therecipe.pepsi.com,,,,"https://www.pepsi.com/, https://www.facebook.com/PepsiBrasil, https://www.facebook.com/login/?next=https%3A%2F%2Fwww.facebook.com%2FPepsiBrasil",,true
pepsiupforgrabs.com,,,,"https://www.pepsi.com/, https://www.facebook.com/PepsiBrasil, https://www.facebook.com/login/?next=https%3A%2F%2Fwww.facebook.com%2FPepsiBrasil",,true
hoistthecup.pepsi.ca,GTM-5H6VXG,"UA-71914446-22, UA-11401921-167, UA-113093403-120",,"https://pepsi.ca/, https://www.pepsi.ca/",,true
oneupyourhydration.com,GTM-P74F4C,"UA-131300483-1, UA-113093403-120",G-NNHNDERDX5,"http://www.onecoconutwater.com/, https://contact.pepsico.com/pepsico",,true
marketingmavenawards.pepsico.com,,,,https://www.pepsico.com/,,true
pepsifunsweepstakes.com,,,,"https://www.pepsi.com/, https://www.facebook.com/PepsiBrasil, https://www.facebook.com/login/?next=https%3A%2F%2Fwww.facebook.com%2FPepsiBrasil",,true
pepsiandtostitos.com,,,,"https://www.fritolay.com/snacks/product-page/tostitos/, https://www.tostitos.com/products/",,true
pepsipopupshop.com,,,,"https://www.pepsi.com/, https://www.facebook.com/PepsiBrasil, https://www.facebook.com/login/?next=https%3A%2F%2Fwww.facebook.com%2FPepsiBrasil",,true
uncledrew.com,,,,https://www.youtube.com/watch?v=RxpwKdAv1m4&list=PLXEP0qousrR0GkuQ3zl-X7n5DGMPzSti_,,true
dgrewards.com,,,,https://www.dollargeneral.com/,,true
mtndewhoops.com,GTM-WT8K3Q3,UA-32102700-1,G-0ZFPQB6RCH,https://www.mountaindew.com/,,true
pepsifiresweepstakes.com,,UA-83026288-1,G-EGLXEMCY8H,https://4dno.co/en/keputusan-lotto,,true
pepsisummerprizesweeps.com,,,,"https://www.pepsi.com/, https://www.facebook.com/PepsiBrasil, https://www.facebook.com/login/?next=https%3A%2F%2Fwww.facebook.com%2FPepsiBrasil",,true
pepsipicksix.com,,,,"https://www.pepsi.com/, https://www.facebook.com/PepsiBrasil, https://www.facebook.com/login/?next=https%3A%2F%2Fwww.facebook.com%2FPepsiBrasil",,true
nakedjuice.ca,GTM-KNC3DF3,UA-71914446-24,,"https://nakedsmoothie.ca/, https://www.nakedsmoothie.ca/",,true
sgquakerchef.com,GTM-PQS25N5,,"G-R6RYQRM052, G-QBC5M2P788","https://quaker.sg/, https://www.quaker.sg/",,true
dewanddoritos.ca,GTM-TW8ZBJH,"UA-113093403-103, UA-83095704-1, UA-83095704-2","G-ZZZTFSTTP8, G-4Q86RHSJVF",https://www.tastyrewards.com/en-ca/brands/doritos,,true
dalecall.mountaindew.com,GTM-WT8K3Q3,UA-32102700-1,G-0ZFPQB6RCH,https://www.mountaindew.com/,,true
mtndewapp.com,GTM-WT8K3Q3,UA-32102700-1,G-0ZFPQB6RCH,https://www.mountaindew.com/,,true
mountaindewtakeitoutside.com,GTM-WT8K3Q3,UA-32102700-1,G-0ZFPQB6RCH,https://www.mountaindew.com/,,true
mtndewrewards.com,GTM-WT8K3Q3,UA-32102700-1,G-0ZFPQB6RCH,https://www.mountaindew.com/,,true
dewinstantscore.com,GTM-WT8K3Q3,UA-32102700-1,G-0ZFPQB6RCH,https://www.mountaindew.com/,,true
dewnationrewards.com,GTM-WT8K3Q3,UA-32102700-1,G-0ZFPQB6RCH,https://www.mountaindew.com/,,true
closerthancourtside.mountaindew.com,GTM-WT8K3Q3,UA-32102700-1,G-0ZFPQB6RCH,https://www.mountaindew.com/,,true
dewnited.com,GTM-WT8K3Q3,UA-32102700-1,G-0ZFPQB6RCH,https://www.mountaindew.com/,,true
mtndewtr.com,GTM-WT8K3Q3,UA-32102700-1,G-0ZFPQB6RCH,https://www.mountaindew.com/,,true
dewoutdoors.com,GTM-WT8K3Q3,UA-32102700-1,G-0ZFPQB6RCH,https://www.mountaindew.com/,,true
hyveedewoutdoor.com,GTM-WT8K3Q3,UA-32102700-1,G-0ZFPQB6RCH,https://www.mountaindew.com/,,true
lifechangingdew.com,GTM-WT8K3Q3,UA-32102700-1,G-0ZFPQB6RCH,https://www.mountaindew.com/,,true
dewoutdoorguides.com,GTM-WT8K3Q3,UA-32102700-1,G-0ZFPQB6RCH,https://www.mountaindew.com/,,true
dewoutdoorgrants.com,GTM-WT8K3Q3,UA-32102700-1,G-0ZFPQB6RCH,https://www.mountaindew.com/,,true
kumandplaymajormelon.com,GTM-WT8K3Q3,UA-32102700-1,G-0ZFPQB6RCH,https://www.mountaindew.com/,,true
circlekcallofduty.com,GTM-WT8K3Q3,UA-32102700-1,G-0ZFPQB6RCH,https://www.mountaindew.com/,,true
dewreptheland.com,GTM-WT8K3Q3,UA-32102700-1,G-0ZFPQB6RCH,https://www.mountaindew.com/,,true
mountaindewflavorslam.com,GTM-WT8K3Q3,UA-32102700-1,G-0ZFPQB6RCH,https://www.mountaindew.com/,,true
ledodewflavorslam.com,GTM-WT8K3Q3,UA-32102700-1,G-0ZFPQB6RCH,https://www.mountaindew.com/,,true
treasuresofbajaisland.com,GTM-WT8K3Q3,UA-32102700-1,G-0ZFPQB6RCH,https://www.mountaindew.com/,,true
greattastezerosugar.ca,,,,"https://mountaindew.ca/, https://www.facebook.com/MountainDewCanada/, https://www.facebook.com/login/?next=https%3A%2F%2Fwww.facebook.com%2FMountainDewCanada%2F",,true
excellentgoutzerosucre.ca,,,,"https://mountaindew.ca/, https://www.facebook.com/MountainDewCanada/, https://www.facebook.com/login/?next=https%3A%2F%2Fwww.facebook.com%2FMountainDewCanada%2F",,true
dewxpapajohns.com,GTM-WT8K3Q3,UA-32102700-1,G-0ZFPQB6RCH,https://www.mountaindew.com/,,true
littlecaesarscallofduty.ca,,,,"https://www.facebook.com/MountainDewCanada/, https://www.facebook.com/login/?next=https%3A%2F%2Fwww.facebook.com%2FMountainDewCanada%2F",,true
mtndewnba2k23.com,GTM-WT8K3Q3,UA-32102700-1,G-0ZFPQB6RCH,https://www.mountaindew.com/,,true
readysetsummersweeps.com,,,,"https://www.pepsi.com/, https://www.facebook.com/PepsiBrasil, https://www.facebook.com/login/?next=https%3A%2F%2Fwww.facebook.com%2FPepsiBrasil",,true
icipepsi.ca,,,,"https://www.facebook.com/pepsicanada, https://www.facebook.com/PepsiCanada/, https://www.facebook.com/login/?next=https%3A%2F%2Fwww.facebook.com%2FPepsiCanada%2F",,true
bwwpepsifantasydraft.com,,,,"https://www.pepsi.com/, https://www.facebook.com/PepsiBrasil, https://www.facebook.com/login/?next=https%3A%2F%2Fwww.facebook.com%2FPepsiBrasil",,true
pepsiiheartkangaroo.com,,,,"https://www.pepsi.com/, https://www.facebook.com/PepsiBrasil, https://www.facebook.com/login/?next=https%3A%2F%2Fwww.facebook.com%2FPepsiBrasil",,true
pepsiiheartquiktrip.com,,,,"https://www.pepsi.com/, https://www.facebook.com/PepsiBrasil, https://www.facebook.com/login/?next=https%3A%2F%2Fwww.facebook.com%2FPepsiBrasil",,true
pepsiiheart.com,,,,"https://www.pepsi.com/, https://www.facebook.com/PepsiBrasil, https://www.facebook.com/login/?next=https%3A%2F%2Fwww.facebook.com%2FPepsiBrasil",,true
foodliondewshop.com,GTM-WT8K3Q3,UA-32102700-1,G-0ZFPQB6RCH,"http://dewnationrewards.com/foodlion, https://www.mountaindew.com/",,true
dewsummergrilling.com,GTM-WT8K3Q3,UA-32102700-1,G-0ZFPQB6RCH,https://www.mountaindew.com/,,true
pepsipatriots.com,,,,"https://www.pepsi.com/, https://www.facebook.com/PepsiBrasil, https://www.facebook.com/login/?next=https%3A%2F%2Fwww.facebook.com%2FPepsiBrasil",,true
pepsihalftimetrip.com,,,,"https://www.pepsi.com/, https://www.facebook.com/PepsiBrasil, https://www.facebook.com/login/?next=https%3A%2F%2Fwww.facebook.com%2FPepsiBrasil",,true
dewtasteofthemountain.com,GTM-WT8K3Q3,UA-32102700-1,G-0ZFPQB6RCH,https://www.mountaindew.com/,,true
thedewgeneralstore.com,GTM-WT8K3Q3,UA-32102700-1,G-0ZFPQB6RCH,https://www.mountaindew.com/,,true
pepsicmafest.com,,,,"https://www.pepsi.com/, https://www.facebook.com/PepsiBrasil, https://www.facebook.com/login/?next=https%3A%2F%2Fwww.facebook.com%2FPepsiBrasil",,true
dewmarchsweeps.com,GTM-WT8K3Q3,UA-32102700-1,G-0ZFPQB6RCH,https://www.mountaindew.com/,,true
pepsimaxhouse.com,,,,"https://www.pepsi.com/, https://www.facebook.com/PepsiBrasil, https://www.facebook.com/login/?next=https%3A%2F%2Fwww.facebook.com%2FPepsiBrasil",,true
snacksharesave.com,,,,"https://www.pepsi.com/, https://www.facebook.com/PepsiBrasil, https://www.facebook.com/login/?next=https%3A%2F%2Fwww.facebook.com%2FPepsiBrasil",,true
pepsitastechallenge.com,,,,"https://www.pepsi.com/, https://www.facebook.com/PepsiBrasil, https://www.facebook.com/login/?next=https%3A%2F%2Fwww.facebook.com%2FPepsiBrasil",,true
pjpizzapepsirocks.com,,,,"https://www.pepsi.com/, https://www.facebook.com/PepsiBrasil, https://www.facebook.com/login/?next=https%3A%2F%2Fwww.facebook.com%2FPepsiBrasil",,true
pepsicoafh2015.com,,,,"http://www.pepsicoafh2016.com/, https://www.pepsico.com/",,true
drinkaloha.com,,,,"https://www.pepsi.com/, https://www.facebook.com/PepsiBrasil, https://www.facebook.com/login/?next=https%3A%2F%2Fwww.facebook.com%2FPepsiBrasil",,true
pepsistrikegold.com,,,,"https://www.pepsi.com/, https://www.facebook.com/PepsiBrasil, https://www.facebook.com/login/?next=https%3A%2F%2Fwww.facebook.com%2FPepsiBrasil",,true
squad.mountaindew.com,GTM-WT8K3Q3,UA-32102700-1,G-0ZFPQB6RCH,https://www.mountaindew.com/,,true
pepsi50tix.com,,,,"https://www.pepsi.com/, https://www.facebook.com/PepsiBrasil, https://www.facebook.com/login/?next=https%3A%2F%2Fwww.facebook.com%2FPepsiBrasil",,true
pepsi50ksweeps.com,,,,"https://www.pepsi.com/, https://www.facebook.com/PepsiBrasil, https://www.facebook.com/login/?next=https%3A%2F%2Fwww.facebook.com%2FPepsiBrasil",,true
dewchampionships.com,GTM-WT8K3Q3,UA-32102700-1,G-0ZFPQB6RCH,https://www.mountaindew.com/,,true
pepsidoritoscodes.com,,,,"https://www.pepsi.com/, https://www.facebook.com/PepsiBrasil, https://www.facebook.com/login/?next=https%3A%2F%2Fwww.facebook.com%2FPepsiBrasil",,true
pepsisummerfun.com,,,,"https://www.pepsi.com/, https://www.facebook.com/PepsiBrasil, https://www.facebook.com/login/?next=https%3A%2F%2Fwww.facebook.com%2FPepsiBrasil",,true
pepsicoculinarystudio.com,,,,"https://www.pepsi.com/, https://www.facebook.com/PepsiBrasil, https://www.facebook.com/login/?next=https%3A%2F%2Fwww.facebook.com%2FPepsiBrasil",,true
premierethefun.com,,,,"https://www.pepsi.com/, https://www.facebook.com/PepsiBrasil, https://www.facebook.com/login/?next=https%3A%2F%2Fwww.facebook.com%2FPepsiBrasil",,true
mtndewstop.com,GTM-WT8K3Q3,UA-32102700-1,G-0ZFPQB6RCH,https://www.mountaindew.com/,,true
pepsiwonderlandatdg.com,,,,"https://www.pepsi.com/, https://www.facebook.com/PepsiBrasil, https://www.facebook.com/login/?next=https%3A%2F%2Fwww.facebook.com%2FPepsiBrasil",,true
lcpepsisweeps.com,,,,"https://www.pepsi.com/, https://www.facebook.com/PepsiBrasil, https://www.facebook.com/login/?next=https%3A%2F%2Fwww.facebook.com%2FPepsiBrasil",,true
pepsiwalmartsweepstakes.com,,,,"https://www.pepsi.com/, https://www.facebook.com/PepsiBrasil, https://www.facebook.com/login/?next=https%3A%2F%2Fwww.facebook.com%2FPepsiBrasil",,true
pepsirockthisway.com,,,,"https://www.pepsi.com/, https://www.facebook.com/PepsiBrasil, https://www.facebook.com/login/?next=https%3A%2F%2Fwww.facebook.com%2FPepsiBrasil",,true
pepsitunes.com,,,,"https://www.pepsi.com/, https://www.facebook.com/PepsiBrasil, https://www.facebook.com/login/?next=https%3A%2F%2Fwww.facebook.com%2FPepsiBrasil",,true
pepsiallstar.com,,,,"https://www.pepsi.com/, https://www.facebook.com/PepsiBrasil, https://www.facebook.com/login/?next=https%3A%2F%2Fwww.facebook.com%2FPepsiBrasil",,true
pepsisodexofootballfan.com,,,,"https://www.pepsi.com/, https://www.facebook.com/PepsiBrasil, https://www.facebook.com/login/?next=https%3A%2F%2Fwww.facebook.com%2FPepsiBrasil",,true
mtndewski.com,GTM-WT8K3Q3,UA-32102700-1,G-0ZFPQB6RCH,https://www.mountaindew.com/,,true
pepsitakeittothehouse.com,,,,"https://www.pepsi.com/, https://www.facebook.com/PepsiBrasil, https://www.facebook.com/login/?next=https%3A%2F%2Fwww.facebook.com%2FPepsiBrasil",,true
dewthe99.com,GTM-WT8K3Q3,UA-32102700-1,G-0ZFPQB6RCH,https://www.mountaindew.com/,,true
pureleafsweeps.com,,,,"http://www.pureleaf.com/, https://www.pureleaf.com/",,true
sodexobublyss.com,GTM-NFLTGTC,"UA-113093403-5, UA-113093403-120",,https://www.bubly.com/,,true
pepsiplaylist.com,,,,"https://www.pepsi.com/, https://www.facebook.com/PepsiBrasil, https://www.facebook.com/login/?next=https%3A%2F%2Fwww.facebook.com%2FPepsiBrasil",,true
bandsandbiscuits.com,,,,"https://www.pepsi.com/, https://www.facebook.com/PepsiBrasil, https://www.facebook.com/login/?next=https%3A%2F%2Fwww.facebook.com%2FPepsiBrasil",,true
mountaindewportal.com,GTM-WT8K3Q3,UA-32102700-1,G-0ZFPQB6RCH,https://www.mountaindew.com/,,true
halftimeshowsweeps.com,,,,"https://www.pepsi.com/, https://www.facebook.com/PepsiBrasil, https://www.facebook.com/login/?next=https%3A%2F%2Fwww.facebook.com%2FPepsiBrasil",,true
bublymatchgame.com,GTM-NFLTGTC,"UA-113093403-5, UA-113093403-120",,https://www.bubly.com/,,true
pepsifreeze.com,,,,"https://www.pepsi.com/, https://www.facebook.com/PepsiBrasil, https://www.facebook.com/login/?next=https%3A%2F%2Fwww.facebook.com%2FPepsiBrasil",,true
madeforfootballwatching.com,,,,"https://www.pepsi.com/, https://www.facebook.com/PepsiBrasil, https://www.facebook.com/login/?next=https%3A%2F%2Fwww.facebook.com%2FPepsiBrasil",,true
dolejuice.com,,,,https://www.dolejuice.com/,,true
flaminhot.com,GTM-NC9CKMR,"UA-11401921-207, UA-113093403-120",G-CWK2N4HDVC,"https://www.flaminhot.com/, https://www.cheetos.com/",,true
pepsisuperbowl.com,GTM-5H6VXG,"UA-71914446-22, UA-11401921-167, UA-113093403-120",,https://www.pepsi.ca/,,true
pepsirandysdonuts.com,,,,"https://www.pepsi.com/, https://www.facebook.com/PepsiBrasil, https://www.facebook.com/login/?next=https%3A%2F%2Fwww.facebook.com%2FPepsiBrasil",,true
izzeguarantee.com,GTM-TTSHXD,"UA-11401921-146, UA-113093403-120",,https://www.izze.com/,,true
stackyourwins.musclemilk.com,,,,https://www.musclemilk.com/,,true
pepsistuff.ca,GTM-5H6VXG,"UA-71914446-22, UA-11401921-167, UA-113093403-120",,https://www.pepsi.ca/,,true
pepsiroyals50.com,,,,"https://www.pepsi.com/, https://www.facebook.com/PepsiBrasil, https://www.facebook.com/login/?next=https%3A%2F%2Fwww.facebook.com%2FPepsiBrasil",,true
summerofpepsi.com,,,,"https://www.pepsi.com/, https://www.facebook.com/PepsiBrasil, https://www.facebook.com/login/?next=https%3A%2F%2Fwww.facebook.com%2FPepsiBrasil",,true
gatoradegear.ca,,,,"https://www.gatorade.ca/, https://gatorade.ca/",,true
pepsisummer.com,,,,"https://www.pepsi.com/, https://www.facebook.com/PepsiBrasil, https://www.facebook.com/login/?next=https%3A%2F%2Fwww.facebook.com%2FPepsiBrasil",,true
crunch-bowl.com,,UA-11401921-190,,https://www.capncrunch.com/,,true
giftwithpepsi.com,,,,"https://www.pepsi.com/, https://www.facebook.com/PepsiBrasil, https://www.facebook.com/login/?next=https%3A%2F%2Fwww.facebook.com%2FPepsiBrasil",,true
dewoutpost.com,GTM-WT8K3Q3,UA-32102700-1,G-0ZFPQB6RCH,https://www.mountaindew.com/,,true
spotthebuble.com,GTM-NFLTGTC,"UA-113093403-5, UA-113093403-120",,https://www.bubly.com/,,true
rushintowin.com,,,,"http://rules.gselive.com/pepsi-rushtowin.html, https://rules.gselive.com/pepsi-rushtowin.html",,true
yearofdew.com,GTM-WT8K3Q3,UA-32102700-1,G-0ZFPQB6RCH,https://www.mountaindew.com/,,true
pepsisummergram.com,,,,"https://www.pepsi.com/, https://www.facebook.com/PepsiBrasil, https://www.facebook.com/login/?next=https%3A%2F%2Fwww.facebook.com%2FPepsiBrasil",,true
unstoppablepride.com,GTM-NFLTGTC,"UA-113093403-5, UA-113093403-120",,https://www.bubly.com/,,true
doritoslegionofthebold.com,GTM-MLK26HH,,G-JN7RH9BQVK,https://legionofcreators.com/,,true
pepsiplays.com,,,,"https://www.pepsi.com/, https://www.facebook.com/PepsiBrasil, https://www.facebook.com/login/?next=https%3A%2F%2Fwww.facebook.com%2FPepsiBrasil",,true
bublyholidaycheer.com,GTM-NFLTGTC,"UA-113093403-5, UA-113093403-120",,https://www.bubly.com/,,true
gearupforgameday.com,,,,"https://www.pepsi.com/, https://www.facebook.com/PepsiBrasil, https://www.facebook.com/login/?next=https%3A%2F%2Fwww.facebook.com%2FPepsiBrasil",,true
briskzerodrop.com,GTM-PP39C9,"UA-11401921-41, UA-113093403-120",,https://www.drinkbrisk.com/,,true
dewstockupsweeps.com,GTM-WT8K3Q3,UA-32102700-1,G-0ZFPQB6RCH,https://www.mountaindew.com/,,true
bublyholidaysweaters.com,GTM-NFLTGTC,"UA-113093403-5, UA-113093403-120",,https://www.bubly.com/,,true
pepsihalftimeshow.com,,,,"http://www.pepsihalftime.com/, https://www.pepsi.com/, https://www.facebook.com/PepsiBrasil, https://www.facebook.com/login/?next=https%3A%2F%2Fwww.facebook.com%2FPepsiBrasil",,true
fullofdetroitsoul.com,,,,"https://www.pepsi.com/, https://www.facebook.com/PepsiBrasil, https://www.facebook.com/login/?next=https%3A%2F%2Fwww.facebook.com%2FPepsiBrasil",,true
rockstarrockon.com,GTM-WFFQNGH,"UA-4417490-1, UA-130300754-36",G-G161R0BY65,"https://rockstarenergy.com/, https://www.rockstarenergy.com/",,true
drinkfrutly.com,,,,https://www.pepsico.com/brands/product-information,,true
neonzebramixers.com,,,,https://www.pepsico.com/our-brands/creating-smiles/our-products,,true
moresmileswitheverysip.com,,,,"https://www.moresmileswitheverysip.com/, https://www.pepsico.com/",,true
rockstarrisegame.com,GTM-WFFQNGH,"UA-4417490-1, UA-130300754-36",G-G161R0BY65,"https://rockstarenergy.com/, https://www.rockstarenergy.com/",,true
pepsipassport.com,,,,"https://www.pepsi.com/, https://www.facebook.com/PepsiBrasil, https://www.facebook.com/login/?next=https%3A%2F%2Fwww.facebook.com%2FPepsiBrasil",,true
pepsiitsanewyorkthing.com,,,,"https://www.pepsi.com/, https://www.facebook.com/PepsiBrasil, https://www.facebook.com/login/?next=https%3A%2F%2Fwww.facebook.com%2FPepsiBrasil",,true
propelsweeps.com,,,,https://www.propelwater.com/,,true
pepsivista.com,,,,"https://www.pepsi.com/, https://www.facebook.com/PepsiBrasil, https://www.facebook.com/login/?next=https%3A%2F%2Fwww.facebook.com%2FPepsiBrasil",,true
madeforbengalswatching.com,,,,"https://www.pepsi.com/, https://www.facebook.com/PepsiBrasil, https://www.facebook.com/login/?next=https%3A%2F%2Fwww.facebook.com%2FPepsiBrasil",,true
madeforbillswatching.com,,,,"https://www.pepsi.com/, https://www.facebook.com/PepsiBrasil, https://www.facebook.com/login/?next=https%3A%2F%2Fwww.facebook.com%2FPepsiBrasil",,true
madeforcowboyswatching.com,,,,"https://www.pepsi.com/, https://www.facebook.com/PepsiBrasil, https://www.facebook.com/login/?next=https%3A%2F%2Fwww.facebook.com%2FPepsiBrasil",,true
madefordolphinswatching.com,,,,"https://www.pepsi.com/, https://www.facebook.com/PepsiBrasil, https://www.facebook.com/login/?next=https%3A%2F%2Fwww.facebook.com%2FPepsiBrasil",,true
madeforeagleswatching.com,,,,"https://www.pepsi.com/, https://www.facebook.com/PepsiBrasil, https://www.facebook.com/login/?next=https%3A%2F%2Fwww.facebook.com%2FPepsiBrasil",,true
madeforgiantswatching.com,,,,"https://www.pepsi.com/, https://www.facebook.com/PepsiBrasil, https://www.facebook.com/login/?next=https%3A%2F%2Fwww.facebook.com%2FPepsiBrasil",,true
madeforjaguarswatching.com,,,,"https://www.pepsi.com/, https://www.facebook.com/PepsiBrasil, https://www.facebook.com/login/?next=https%3A%2F%2Fwww.facebook.com%2FPepsiBrasil",,true
madeforjetswatching.com,,,,"https://www.pepsi.com/, https://www.facebook.com/PepsiBrasil, https://www.facebook.com/login/?next=https%3A%2F%2Fwww.facebook.com%2FPepsiBrasil",,true
madeforlionswatching.com,,,,"https://www.pepsi.com/, https://www.facebook.com/PepsiBrasil, https://www.facebook.com/login/?next=https%3A%2F%2Fwww.facebook.com%2FPepsiBrasil",,true
madeforpatriotswatching.com,,,,"https://www.pepsi.com/, https://www.facebook.com/PepsiBrasil, https://www.facebook.com/login/?next=https%3A%2F%2Fwww.facebook.com%2FPepsiBrasil",,true
madeforsteelerswatching.com,,,,"https://www.pepsi.com/, https://www.facebook.com/PepsiBrasil, https://www.facebook.com/login/?next=https%3A%2F%2Fwww.facebook.com%2FPepsiBrasil",,true
madeforvikingswatching.com,,,,"https://www.pepsi.com/, https://www.facebook.com/PepsiBrasil, https://www.facebook.com/login/?next=https%3A%2F%2Fwww.facebook.com%2FPepsiBrasil",,true
madeforwashingtonfootballwatching.com,,,,"https://www.pepsi.com/, https://www.facebook.com/PepsiBrasil, https://www.facebook.com/login/?next=https%3A%2F%2Fwww.facebook.com%2FPepsiBrasil",,true
rockstarenergycountry.com,GTM-WFFQNGH,"UA-4417490-1, UA-130300754-36",G-G161R0BY65,"https://rockstarenergy.com/, https://www.rockstarenergy.com/",,true
driveforpepsi.com,GTM-P25J24S,"UA-234359018-1, UA-46451933-1",G-JKW53LH13Z,"https://www.pepsicojobs.com/, https://www.pepsicojobs.com/main/",,true
sipnowsavelater.com,,,,"https://www.pepsi.com/, https://www.facebook.com/PepsiBrasil, https://www.facebook.com/login/?next=https%3A%2F%2Fwww.facebook.com%2FPepsiBrasil",,true
liveunmuddled.com,,,,https://www.pepsico.com/brands/product-information,,true
iam.fullofdetroitsoul.com,,,,"https://www.pepsi.com/, https://www.facebook.com/PepsiBrasil, https://www.facebook.com/login/?next=https%3A%2F%2Fwww.facebook.com%2FPepsiBrasil",,true
pepsisodashop.com,,,,"https://www.pepsi.com/, https://www.facebook.com/PepsiBrasil, https://www.facebook.com/login/?next=https%3A%2F%2Fwww.facebook.com%2FPepsiBrasil",,true
pepsisipsnacktoss.com,,,,"https://www.pepsi.com/, https://www.facebook.com/PepsiBrasil, https://www.facebook.com/login/?next=https%3A%2F%2Fwww.facebook.com%2FPepsiBrasil",,true
challenge.pepsicorecycling.com,,,,"https://www.pepsi.com/, https://www.facebook.com/PepsiBrasil, https://www.facebook.com/login/?next=https%3A%2F%2Fwww.facebook.com%2FPepsiBrasil",,true
turnupyourmood.com,GTM-WFFQNGH,"UA-4417490-1, UA-130300754-36",G-G161R0BY65,"https://rockstarenergy.com/, https://www.rockstarenergy.com/",,true
vamosfootball2022.com,,,,"https://www.pepsi.com/, https://www.facebook.com/PepsiBrasil, https://www.facebook.com/login/?next=https%3A%2F%2Fwww.facebook.com%2FPepsiBrasil",,true
liptoninstantwin.com,GTM-WCBFC6T,,"G-5K6RSKWVS3, G-ZM033BT7WB","https://www.lipton.com/, http://www.lipton.com/us/en/home.html, https://www.lipton.com/us/en/home.html, https://www.lipton.com/us/en/",,true
winpepsipopstar.com,,,,"https://www.pepsi.com/, https://www.facebook.com/PepsiBrasil, https://www.facebook.com/login/?next=https%3A%2F%2Fwww.facebook.com%2FPepsiBrasil",,true
tropicanacrunch.com,,,,https://www.tropicana.com/,,true
bayasweeps.com,GTM-P37KWTP,UA-82424379-1,G-VMTHZW7WSM,https://www.starbucks.com/,,true
nitropepsiwalmart.com,,,,"https://www.pepsi.com/, https://www.facebook.com/PepsiBrasil, https://www.facebook.com/login/?next=https%3A%2F%2Fwww.facebook.com%2FPepsiBrasil",,true
lifewtr100days.com,GTM-NZZNCQ,,,"https://lifewtr.com/, https://lifewtr.com/en-us/home",,true
givebackjamon.com,,,,"https://www.pepsi.com/, https://www.facebook.com/PepsiBrasil, https://www.facebook.com/login/?next=https%3A%2F%2Fwww.facebook.com%2FPepsiBrasil",,true
musclemilkliftingproject.com,,,,https://www.musclemilk.com/,,true
rockstarprizes.ca,GTM-WFFQNGH,"UA-4417490-1, UA-130300754-36",G-G161R0BY65,"https://rockstarenergy.com/, https://www.rockstarenergy.com/",,true
prixrockstar.ca,GTM-WFFQNGH,"UA-4417490-1, UA-130300754-36",G-G161R0BY65,"https://rockstarenergy.com/, https://www.rockstarenergy.com/",,true
pepsinyc.com,,,,"https://www.pepsi.com/, https://www.facebook.com/PepsiBrasil, https://www.facebook.com/login/?next=https%3A%2F%2Fwww.facebook.com%2FPepsiBrasil",,true
rockstarbelieveit.com,GTM-WFFQNGH,"UA-4417490-1, UA-130300754-36",G-G161R0BY65,"https://rockstarenergy.com/, https://www.rockstarenergy.com/",,true
biggestpartyinthesouth.com,,,,"https://www.pepsi.com/, https://www.facebook.com/PepsiBrasil, https://www.facebook.com/login/?next=https%3A%2F%2Fwww.facebook.com%2FPepsiBrasil",,true
bublywfhawaii.com,GTM-NFLTGTC,"UA-113093403-5, UA-113093403-120",,https://www.bubly.com/,,true
rockstarenergysportvehicle.com,GTM-WFFQNGH,"UA-4417490-1, UA-130300754-36",G-G161R0BY65,"https://rockstarenergy.com/, https://www.rockstarenergy.com/",,true
starbucksbayaenergysweeps.com,,,,"https://www.pepsi.com/, https://www.facebook.com/PepsiBrasil, https://www.facebook.com/login/?next=https%3A%2F%2Fwww.facebook.com%2FPepsiBrasil",,true
pzsproexperience.com,,,,"https://www.pepsi.com/, https://www.facebook.com/PepsiBrasil, https://www.facebook.com/login/?next=https%3A%2F%2Fwww.facebook.com%2FPepsiBrasil",,true
liptonfootballsweeps.com,GTM-WCBFC6T,,"G-ZM033BT7WB, G-5K6RSKWVS3","https://www.lipton.com/, http://www.lipton.com/us/en/home.html, https://www.lipton.com/us/en/home.html, https://www.lipton.com/us/en/",,true
thedewzonesweeps.com,GTM-WT8K3Q3,UA-32102700-1,G-0ZFPQB6RCH,https://www.mountaindew.com/,,true
samsclubcafe.chipsnsips.com,"GTM-MT43RWC, GTM-K8XFM6B",,,"https://www.samsclub.com/cafe, https://www.samsclub.com/content/cafe-menu?xid=vanity:cafe",,true
pepsisummergiveaway.com,,,,"https://www.pepsi.com/, https://www.facebook.com/PepsiBrasil, https://www.facebook.com/login/?next=https%3A%2F%2Fwww.facebook.com%2FPepsiBrasil",,true
winsummer.ca,GTM-5H6VXG,"UA-71914446-22, UA-11401921-167, UA-113093403-120",,https://www.pepsi.ca/,,true
pepsigamedaypromo.com,,,,"https://www.pepsi.com/, https://www.facebook.com/PepsiBrasil, https://www.facebook.com/login/?next=https%3A%2F%2Fwww.facebook.com%2FPepsiBrasil",,true
bayaelectricbikesweeps.com,,,,"https://www.pepsi.com/, https://www.facebook.com/PepsiBrasil, https://www.facebook.com/login/?next=https%3A%2F%2Fwww.facebook.com%2FPepsiBrasil",,true
pepsitailgate.com,,,,"https://www.pepsi.com/, https://www.facebook.com/PepsiBrasil, https://www.facebook.com/login/?next=https%3A%2F%2Fwww.facebook.com%2FPepsiBrasil",,true
rockstarenergyxbox.ca,GTM-5H6VXG,"UA-71914446-22, UA-11401921-167, UA-113093403-120",,https://www.pepsi.ca/,,true
rockstarenergisantexbox.ca,GTM-5H6VXG,"UA-71914446-22, UA-11401921-167, UA-113093403-120",,https://www.pepsi.ca/fr,,true
wawaeaglessweeps.com,,,,"https://www.pepsi.com/, https://www.facebook.com/PepsiBrasil, https://www.facebook.com/login/?next=https%3A%2F%2Fwww.facebook.com%2FPepsiBrasil",,true
stackyoursleigh.ca,GTM-5H6VXG,"UA-71914446-22, UA-11401921-167, UA-113093403-120",,https://www.pepsi.ca/,,true
remplissezvotretraineau.ca,GTM-5H6VXG,"UA-71914446-22, UA-11401921-167, UA-113093403-120",,https://www.pepsi.ca/fr,,true
pepsigamedaycookoff.com,,,,"https://www.pepsi.com/, https://www.facebook.com/PepsiBrasil, https://www.facebook.com/login/?next=https%3A%2F%2Fwww.facebook.com%2FPepsiBrasil",,true
lucky.com.br,GTM-WXT3GL9,UA-128439433-1,,https://www.pepsico.com.br/pt-br/nossas-marcas/nossas-marcas,,true
toddy.com.br,,,,https://www.youtube.com/user/youtoddytube/,,true
snacks.cl,GTM-WL9ZVDP,,G-9L3PDEDSBY,"https://snacks-pepsico.com/, https://snacks-pepsico.com/cl, http://snacks-pepsico.com/cl/, https://snacks-pepsico.com/cl/, https://snacks-pepsico.com/cl/inicio",,true
pepsicochangecompass.com,,,,"https://auth.wspprod.com/auth/realms/PepsiCo/protocol/openid-connect/auth?client_id=pepsico-internal&redirect_uri=https%3A%2F%2Fpepsicochangecompass.com%2Foauth2%2Fidpresponse&response_type=code&scope=openid&state=426660LeMqxXx0zyJUgW55wHekaouvWA%2FWCLFbsrW9C2sYYO79R3n7WZJo13jt4OBFuh7QsBuSZWrH0kqdWqeOpji7uyGaOylcIRI39GZpf%2F783FoiBzYxH1QwOjir0gxER4kL34qFFZQ1U5Am1Ce8rYOF0g6mCjhSgsl6zYSDOJemLW5ngUggVIcoBayORMRPwt0%2FB%2FTJ0WRM5HGYb6u8yAxyHljjgwy3lBdQl6b%2F3ZNjq8TyA%3D, https://auth.wspprod.com/auth/realms/PepsiCo/broker/pepsico-okta-ite/login?session_code=52_p5pqw31GZZ0b1aD2xR4gClDv8IKYR90O01sLSaAU&client_id=pepsico-internal&tab_id=XkgJBEKxngQ, https://secure.pepsico.com/app/mypepsico_websolutionsplatformprodi_1/exk1nmjr86aQgD8By0h8/sso/saml?SAMLRequest=lVJNj9owEP0rke%2FBIWQDtQgSS1QVaVtRlvbQC3LiyeLir3qcsvz75oOq2wtqL5Y9fjPvzZtZItfKsXUbTmYPP1rAEL1qZZANHwVpvWGWo0RmuAZkoWbP649PLJ0kzHkbbG0VGVPugzki%2BCCtIdH693VjDbYa%2FDP4n7KGL%2FungpxCcMgo5Z2kyQVdRyImtdVDgHrgSiPdgUO5sbTy9gyeuv5Z29ieA49lAApGOCtNIFHZdSQN79n%2B1EaoWw%2BTW9pY3Tmqr7fI8QIVWtX2WegUD431uhcij1MKr%2Bep0d%2F9IuefX8rF4zU5LSiipb1jJHpvfQ2DnwVpuEIg0bYsyLY85nOei%2B6IRTVv4qypsrhKRRrPk7wB8U7kvEo7MGILW4OBm1CQNElncfIQJ9lh%2BsCyGZvNJ9Ms%2F0ai3c38R2mENC%2F3za9GELIPh8Mu3oOQHurOna%2FgcXCmA5HVsu%2BADQL8my3417mu%2Fmd0S%2FqGbGR27FNXfVvurJL1NVorZS%2BbLitAQYJvYfBW83BfTx%2BRIm4GKHN9gxigWwW6Gjn%2F3vbVLw%3D%3D&RelayState=cPvZSNJDHg-2GYSLEsxz7XzrWAJFWYNCDy2ssT8YB5A.XkgJBEKxngQ.pepsico-internal, https://secure.mypepsico.com/associatesso/login?RelayState=%252Fapp%252Fmypepsico_websolutionsplatformprodi_1%252Fexk1nmjr86aQgD8By0h8%252Fsso%252Fsaml%253FSAMLRequest%253DlVJNj9owEP0rke%25252FBIWQDtQgSS1QVaVtRlvbQC3LiyeLir3qcsvz75oOq2wtqL5Y9fjPvzZtZItfKsXUbTmYPP1rAEL1qZZANHwVpvWGWo0RmuAZkoWbP649PLJ0kzHkbbG0VGVPugzki%25252BCCtIdH693VjDbYa%25252FDP4n7KGL%25252FungpxCcMgo5Z2kyQVdRyImtdVDgHrgSiPdgUO5sbTy9gyeuv5Z29ieA49lAApGOCtNIFHZdSQN79n%25252B1EaoWw%25252BTW9pY3Tmqr7fI8QIVWtX2WegUD431uhcij1MKr%25252Bep0d%25252F9IuefX8rF4zU5LSiipb1jJHpvfQ2DnwVpuEIg0bYsyLY85nOei%25252B6IRTVv4qypsrhKRRrPk7wB8U7kvEo7MGILW4OBm1CQNElncfIQJ9lh%25252BsCyGZvNJ9Ms%25252F0ai3c38R2mENC%25252F3za9GELIPh8Mu3oOQHurOna%25252FgcXCmA5HVsu%25252BADQL8my3417mu%25252Fmd0S%25252FqGbGR27FNXfVvurJL1NVorZS%25252BbLitAQYJvYfBW83BfTx%25252BRIm4GKHN9gxigWwW6Gjn%25252F3vbVLw%25253D%25253D%2526RelayState%253DcPvZSNJDHg-2GYSLEsxz7XzrWAJFWYNCDy2ssT8YB5A.XkgJBEKxngQ.pepsico-internal",,true
pepbridge.pepsicodigital.com,,,,https://pepbridge.pepsicodigital.com/login.aspx,,true
events.pepsico.com,,,,"https://mypepsico.okta.com/oauth2/default/v1/authorize?client_id=0oa1or8fedss1uO640h8&redirect_uri=https%3A%2F%2Fevents.pepsico.com&response_type=code&scope=openid%20profile%20email&state=OpenIdConnect.AuthenticationProperties%3DGFZgQytNzn0GoI40yL7MeN0Ig3gw7mWuTABwlsTeIVr3OxapCn3GYt2w8hEQ7RXmSu3VdopQzAgaKl2DG53DDK1PNcYg6Hpp2CK6sjIGikyWjve2emn89mj0e2VoVsH7wtrzSNZZ6mccgGdyZde1jMA5RklYI9Euxg-bJszlaFWrYfErOVTkzrkvWfQTeLs6bXXblfPoYIeWmjUe2GDbBA&response_mode=form_post&nonce=638188118175808320.MmY0OWI4MmYtNTg3OS00ODBjLWEwODItOGU5MDEyMWM3MDBkMTk1NTYxZTYtMWM1ZS00NTY1LWI2YjctOTUyMjYwMzg1Nzdl&x-client-SKU=ID_NET461&x-client-ver=5.3.0.0, https://mypepsico.okta.com/sso/idps/0oa1j91d0vcZaVGvd0h8?stateTokenExternalId=RVNWTjQ0QUV4TVB0TlRPalE1Z1NEWi9qU3JZVzBZN1ZYRnhjbjFHVUFGWGlrKzAyNkJ5d3YzMHlmOHlObjRldg, https://secure.mypepsico.com/associatesso/login",,true
pepsicouxcoe.com,,,,"https://secure.pepsico.com/oauth2/default/v1/authorize?client_id=0oa1knxfbxvhC76D90h8&response_type=code&scope=openid%20email&redirect_uri=https%3A//pepsicouxcoe.com/openid-connect/okta&state=SPMDzudi0DUasGCIUMp_ZScTpFhHcukg-Brx-lKqAt4, https://secure.pepsico.com/sso/idps/0oa1j91d0vcZaVGvd0h8?stateTokenExternalId=R0VNWlVQUDYvcDRhd3JuakpYMjA2Z3RmaHo5cjM4K1l5ZGN5d1FNRCt5YUhiSXU2UnlJZEl5TGhqckY2dmtvcg, https://secure.mypepsico.com/associatesso/login",,true
consumer2030pepsislider.com,,,,"https://accounts.wspprod.com/oauth2/authorize?client_id=3n17enmpn1qamag83go6lv6d33&redirect_uri=https%3A%2F%2Fconsumer2030pepsislider.com%2Foauth2%2Fidpresponse&response_type=code&scope=openid&state=U46Q12eucJmIpiDPMvNer72VnxqK2nD77E%2BrH9kezVTx3k2fw1Kmo8m9nrzu0mp%2FiQcQbWnRUTM6j%2Fy%2Fi0b2LVwdwYadox%2BWzcBcPxJgt%2BljSPTn7j9eLoLkLULKlv1aqKaNXmpiANW%2BsnPcxY6fY8LIoaEYv1swAYp1XRMHWDgcdjMtNRshDAePaRa%2Fw%2B1vDWIwzYL4Rrpc, https://secure.pepsico.com/app/mypepsico_websolutionplatformi_1/exk1n6sbdx53yQ2wU0h8/sso/saml?SAMLRequest=fZLLTsMwEEX3fEXkvfNOH1YTVEBISFSIR1mwqRxnQi0S23hs2vL1pIFKsGHp0T0z42Mvzvd9F3yARalVSZIwJgEooRupXkuyfrqmM3JenS2Q911q2NK7rXqAdw%2FogiUiWDdwl1qh78E%2Bgv2QAtYPtyXZOmeQRREXQnvlMNyhMVY3odB9NHaLZGMsoBlgIMHV0FEq7sY1TjCC8BZCAwal0CPKjYn6w09ls4MadeePlOm4a7Xt5SaJYP%2BWqAnWzb7IDvfpbh1vZxGiHgeT4OaqJJu8naZpWtd0Pilimmd1THmezWmRxG0ymbdtO8%2BGKKKHG4WOK1eSNE4zGhc0zp%2BSguUZy2bhdDp5IcHzyWB6NDg4Vci%2BnZXEW8U0R4lM8R6QOcEel6tbNkTZoMRpoTtSfStm40AbXA834e5%2F9liRDW3HKAPlpDv8mf0%2Fzk%2FPR6pjjPf8Uysm9KuSTjM0zCMFjo4mm2Ilt8X67mK1iH5vWf0c%2F%2F6L6gs%3D&RelayState=H4sIAAAAAAAAABVS2ZKiMBT9F141I2HHN7vRdgFFW5vW6SkrhAQQswgo6tT8-8S3k7Pl3kr-akgbatcGENS0AB7tqCzs3eot0vpaqpSYyKZ8F2BVtQjEtcgUjxVvcugSziSHF8RQ7pm5cM43JzNNZciUoWhb2QwHAyx4c2WkNnRTl6-y5lxmpP6FBRsIdG0LY1BmsiaNVEaiwkSFschekCr4OYpCBXNt-FsTkvAy0_70tUIpO8tZQ4Nc8ZzNZBnE0W1Jatf44vfLwuCB64579dSvyPNrezcrg3ZwwYTHfF4_rzqTPz-Dco3XacI3u23knNT58eL01Ai_uqzbo0zce8kTv-H4Ps_b3vn0GW-5e_JJKMIq3IWL8w2iywItv5ksR8uk1_AY3_cO3XvhTKDx_gabbrSX8HsTTZMgx9kpapebpghGJEYbpG7revAWJLPuuQ-tTS2x2rRSq8EMNdKzOPCO-llfb9Yx0cfTuUhAWyJSyLfLyEb09rDt1eqQTIOYMbwuKjymKY3D2BrxqL4HeblzRyytP9LV5GKjkM3bJUlXru4Fyftm1tnuvDDzo5Vhd2JgENypCMLbFKzZ5Ll9UM-pjkU8izx7tqwoPnwcvtmhbvhjQuQyiPbX8Qe0czXxWU2MMBZX3ja_ukZK9U1e76skpg2h45kGtHXo9TWpDSk6N6Sv1SqTUsP3TQsBahEbWKoC-L7lAF_HqQcdH5uGqzpaZT1a1DUMI02B79g6sMxUB8gyfWBDnSorpdQ3tX__AW87O2rOAgAA.H4sIAAAAAAAAAEspDHxxJ2mqtsNKx5fflkxSqV5fHGjwT9CpyUCIcf2rZWkA0BAwKiAAAAA.4, https://secure.mypepsico.com/associatesso/login?RelayState=%252Fapp%252Fmypepsico_websolutionplatformi_1%252Fexk1n6sbdx53yQ2wU0h8%252Fsso%252Fsaml%253FSAMLRequest%253DfZLLTsMwEEX3fEXkvfNOH1YTVEBISFSIR1mwqRxnQi0S23hs2vL1pIFKsGHp0T0z42Mvzvd9F3yARalVSZIwJgEooRupXkuyfrqmM3JenS2Q911q2NK7rXqAdw%25252FogiUiWDdwl1qh78E%25252Bgv2QAtYPtyXZOmeQRREXQnvlMNyhMVY3odB9NHaLZGMsoBlgIMHV0FEq7sY1TjCC8BZCAwal0CPKjYn6w09ls4MadeePlOm4a7Xt5SaJYP%25252BWqAnWzb7IDvfpbh1vZxGiHgeT4OaqJJu8naZpWtd0Pilimmd1THmezWmRxG0ymbdtO8%25252BGKKKHG4WOK1eSNE4zGhc0zp%25252BSguUZy2bhdDp5IcHzyWB6NDg4Vci%25252BnZXEW8U0R4lM8R6QOcEel6tbNkTZoMRpoTtSfStm40AbXA834e5%25252F9liRDW3HKAPlpDv8mf0%25252Fzk%25252FPR6pjjPf8Uysm9KuSTjM0zCMFjo4mm2Ilt8X67mK1iH5vWf0c%25252F%25252F6L6gs%25253D%2526RelayState%253DH4sIAAAAAAAAABVS2ZKiMBT9F141I2HHN7vRdgFFW5vW6SkrhAQQswgo6tT8-8S3k7Pl3kr-akgbatcGENS0AB7tqCzs3eot0vpaqpSYyKZ8F2BVtQjEtcgUjxVvcugSziSHF8RQ7pm5cM43JzNNZciUoWhb2QwHAyx4c2WkNnRTl6-y5lxmpP6FBRsIdG0LY1BmsiaNVEaiwkSFschekCr4OYpCBXNt-FsTkvAy0_70tUIpO8tZQ4Nc8ZzNZBnE0W1Jatf44vfLwuCB64579dSvyPNrezcrg3ZwwYTHfF4_rzqTPz-Dco3XacI3u23knNT58eL01Ai_uqzbo0zce8kTv-H4Ps_b3vn0GW-5e_JJKMIq3IWL8w2iywItv5ksR8uk1_AY3_cO3XvhTKDx_gabbrSX8HsTTZMgx9kpapebpghGJEYbpG7revAWJLPuuQ-tTS2x2rRSq8EMNdKzOPCO-llfb9Yx0cfTuUhAWyJSyLfLyEb09rDt1eqQTIOYMbwuKjymKY3D2BrxqL4HeblzRyytP9LV5GKjkM3bJUlXru4Fyftm1tnuvDDzo5Vhd2JgENypCMLbFKzZ5Ll9UM-pjkU8izx7tqwoPnwcvtmhbvhjQuQyiPbX8Qe0czXxWU2MMBZX3ja_ukZK9U1e76skpg2h45kGtHXo9TWpDSk6N6Sv1SqTUsP3TQsBahEbWKoC-L7lAF_HqQcdH5uGqzpaZT1a1DUMI02B79g6sMxUB8gyfWBDnSorpdQ3tX__AW87O2rOAgAA.H4sIAAAAAAAAAEspDHxxJ2mqtsNKx5fflkxSqV5fHGjwT9CpyUCIcf2rZWkA0BAwKiAAAAA.4",,true
climatesimulator.pepsico.com,,,,"https://mypepsico.okta.com/oauth2/default/v1/authorize?client_id=0oa1knxfbxvhC76D90h8&redirect_uri=https%3A%2F%2Fclimatesimulator.pepsico.com%2Foauth2%2Fidpresponse&response_type=code&scope=openid&state=XQDtKoMpJpzmen3Tx%2F91koNbgs9WDLCLcQP%2FduanEDRny8ys8PURhCZ0SFnqUiukJrVX48TQZqaz3smatvVA8I7jEsfZgk%2FYojn17DjYlCpwWUVqCh9CUH4K2ZUtmHqq7Py%2F5wOch3R9VU%2BvkUzAz3k26GKxjc3a%2F%2FIgwVttRwcs3Ot1cIkPesORZ2%2BIQWLTJwmDbONg, https://mypepsico.okta.com/sso/idps/0oa1j91d0vcZaVGvd0h8?stateTokenExternalId=RGF5SkJ2WVd6QW1VTFZ4Vmo4L3pNMEoydklsSnVSM3JHd1pacnI2QXdUczdoOHVVNDZUUnFIME1Sbm16bVgxWg, https://secure.mypepsico.com/associatesso/login",,true
toddy.cl,GTM-WL9ZVDP,,G-9L3PDEDSBY,"https://snacks-pepsico.com/, https://snacks-pepsico.com/cl, http://snacks-pepsico.com/cl/, https://snacks-pepsico.com/cl/, https://snacks-pepsico.com/cl/inicio",,true
cheetos.mx,GTM-P499LP6,UA-54378716-23,G-04C6679HNJ,https://cheetos.com.mx/,,true
chestercheetos.com.mx,GTM-P499LP6,UA-54378716-23,G-04C6679HNJ,https://cheetos.com.mx/,,true
chestercheetos.mx,GTM-P499LP6,UA-54378716-23,G-04C6679HNJ,https://cheetos.com.mx/,,true
chewy.mx,GTM-WVD7HQC,"UA-130574213-3, UA-54378716-50","G-KVVF0B7RR4, G-9LES6LMQKQ",https://quaker.lat/mx/,,true
churrumais.com.mx,GTM-T47N4V2,,G-4MCL48KL7C,"https://sabritas.com.mx/, https://sabritas.com.mx/promocion/",,true
churrumais.mx,GTM-T47N4V2,,G-4MCL48KL7C,"https://sabritas.com.mx/, https://sabritas.com.mx/promocion/",,true
crackets.com,GTM-TFMNHF7,,G-J6N66ZBQ8J,https://crackets.com.mx/,,true
crackets.mx,GTM-TFMNHF7,,G-J6N66ZBQ8J,https://crackets.com.mx/,,true
crujitos.mx,,UA-54378716-53,,https://crujitos.com.mx/,,true
fritos.mx,,UA-54378716-53,,https://fritos.com.mx/,,true
habaneras.mx,GTM-N48X3HS,UA-54378716-39,G-H8RX1RR1E7,https://habaneras.com.mx/,,true
hummus.mx,GTM-MZTXH8C,UA-54378716-46,,https://obela.com.mx/,,true
kacang.mx,,UA-54378716-11,,https://kacang.com.mx/,,true
mamutmamut.com,GTM-NBWRF6F,UA-54378716-53,"G-3DJ9NM8BG6, G-BWWY3Y1T9M","https://mamutmamut.com.mx/, https://gamesa.com.mx/, https://joyapp.mx/inicio",,true
mancha-t.mx,,UA-54378716-12,G-LKHFPL4KRN,https://rockaleta.com.mx/,,true
manchat.com.mx,,UA-54378716-12,G-LKHFPL4KRN,https://rockaleta.com.mx/,,true
manchat.mx,,UA-54378716-12,G-LKHFPL4KRN,https://rockaleta.com.mx/,,true
marias.com.mx,GTM-TBNNLHL,,"G-Q9NGQQ8MV0, G-W95LNKBDMQ",https://mariasgamesa.com/,,true
mariasgamesa.com.mx,GTM-TBNNLHL,,"G-Q9NGQQ8MV0, G-W95LNKBDMQ",https://mariasgamesa.com/,,true
mariasgamesa.mx,GTM-TBNNLHL,,"G-Q9NGQQ8MV0, G-W95LNKBDMQ",https://mariasgamesa.com/,,true
milch.com.mx,,UA-54378716-12,G-LKHFPL4KRN,https://rockaleta.com.mx/,,true
milch.mx,,UA-54378716-12,G-LKHFPL4KRN,https://rockaleta.com.mx/,,true
obelamex.com.mx,GTM-MZTXH8C,UA-54378716-46,,https://obela.com.mx/,,true
obelamexico.com.mx,GTM-MZTXH8C,UA-54378716-46,,https://obela.com.mx/,,true
paketaxo.mx,GTM-T56DLWZ,UA-54378716-26,G-PST98LKHX3,https://paketaxo.com.mx/,,true
papassabritas.mx,GTM-5S436GF,UA-54378716-34,G-BP6F4LHR84,"https://papassabritas.com.mx/, https://papassabritas.com.mx/naturalidad/",,true
poffets.mx,GTM-TVHC5HV,UA-54378716-9,G-629JDRJJV8,https://poffets.com.mx/,,true
ruffles.mx,GTM-T468N8M,,G-BSEMSLWBVP,"https://ruffles.com.mx/, https://ruffles.com.mx/promocion/",,true
sabritas.mx,GTM-T47N4V2,,G-4MCL48KL7C,"https://sabritas.com.mx/, https://sabritas.com.mx/promocion/",,true
saladitas.mx,GTM-KGD5NTX,UA-54378716-6,G-ZH5844P58T,https://saladitas.com.mx/,,true
tostitos.mx,GTM-P5PTLX7,,G-BBL600G6FG,"https://tostitos.com.mx/, https://tostitos.com.mx/promocion/",,true
churrumais.com,GTM-T47N4V2,,G-4MCL48KL7C,"https://sabritas.com.mx/, https://sabritas.com.mx/promocion/",,true
crujitos.com,,UA-54378716-53,,https://crujitos.com.mx/,,true
emperador.mx,GTM-KRX2N7F,UA-54378716-27,G-4969K8SEJK,"https://emperador.com.mx/, https://emperador.com.mx/empoderador/",,true
emperadorgamesa.com,GTM-KRX2N7F,UA-54378716-27,G-4969K8SEJK,"https://emperador.com.mx/, https://emperador.com.mx/empoderador/",,true
gamesaclasicas.com,GTM-NBWRF6F,UA-54378716-53,"G-3DJ9NM8BG6, G-BWWY3Y1T9M","https://gamesa.com.mx/, https://joyapp.mx/inicio",,true
kkwates.com,,UA-54378716-11,,https://kacang.com.mx/,,true
paketaxo.com,GTM-T56DLWZ,UA-54378716-26,G-PST98LKHX3,https://paketaxo.com.mx/,,true
papassabritas.com,GTM-5S436GF,UA-54378716-34,G-BP6F4LHR84,"https://papassabritas.com.mx/, https://papassabritas.com.mx/naturalidad/",,true
rancheritos.com,,UA-54378716-53,,https://rancheritos.com.mx/,,true
chestercheetos.com,GTM-P499LP6,UA-54378716-23,G-04C6679HNJ,https://cheetos.com.mx/,,true
hazloconquaker.com,,,,https://hazloconquaker.com/cgi-sys/suspendedpage.cgi,,true
cheetos.cl,GTM-WL9ZVDP,,G-9L3PDEDSBY,"https://snacks-pepsico.com/, https://snacks-pepsico.com/cl, http://snacks-pepsico.com/cl/, https://snacks-pepsico.com/cl/, https://snacks-pepsico.com/cl/inicio",,true
lays.com.br,GTM-WG6Q9CK,UA-157267572-21,G-6LEJVNGDRP,https://campoaopacote.lays.com.br/,,true
ruffles.com.br,,,,"https://www.facebook.com/RufflesOficial/, https://www.facebook.com/login/?next=https%3A%2F%2Fwww.facebook.com%2FRufflesOficial%2F",,true
rancheritos.mx,,UA-54378716-53,,https://rancheritos.com.mx/,,true
doritos.cl,GTM-WL9ZVDP,,G-9L3PDEDSBY,"https://snacks-pepsico.com/cl/marcas/doritos/, http://snacks-pepsico.com/cl/marcas/doritos, https://snacks-pepsico.com/cl/marcas/doritos",,true
retrosnacks.cl,GTM-WL9ZVDP,,G-9L3PDEDSBY,"https://snacks-pepsico.com/, https://snacks-pepsico.com/cl, http://snacks-pepsico.com/cl/, https://snacks-pepsico.com/cl/, https://snacks-pepsico.com/cl/inicio",,true
lays.cl,GTM-WL9ZVDP,,G-9L3PDEDSBY,"https://snacks-pepsico.com/, https://snacks-pepsico.com/cl, http://snacks-pepsico.com/cl/, https://snacks-pepsico.com/cl/, https://snacks-pepsico.com/cl/inicio",,true
gatorade.cl,"GTM-KN9CBNX, GTM-P74F2KZ",UA-130574213-48,,https://gatorade.lat/cl/,,true
chester.cl,GTM-WL9ZVDP,,G-9L3PDEDSBY,"https://snacks-pepsico.com/, https://snacks-pepsico.com/cl, http://snacks-pepsico.com/cl/, https://snacks-pepsico.com/cl/, https://snacks-pepsico.com/cl/inicio",,true
chispop.cl,GTM-WL9ZVDP,,G-9L3PDEDSBY,"https://snacks-pepsico.com/, https://snacks-pepsico.com/cl, http://snacks-pepsico.com/cl/, https://snacks-pepsico.com/cl/, https://snacks-pepsico.com/cl/inicio",,true
fritolay.cl,GTM-WL9ZVDP,,G-9L3PDEDSBY,"https://snacks-pepsico.com/, https://snacks-pepsico.com/cl, http://snacks-pepsico.com/cl/, https://snacks-pepsico.com/cl/, https://snacks-pepsico.com/cl/inicio",,true
nachos.cl,GTM-WL9ZVDP,,G-9L3PDEDSBY,"https://snacks-pepsico.com/, https://snacks-pepsico.com/cl, http://snacks-pepsico.com/cl/, https://snacks-pepsico.com/cl/, https://snacks-pepsico.com/cl/inicio",,true
ramitas.cl,GTM-WL9ZVDP,,G-9L3PDEDSBY,"https://snacks-pepsico.com/, https://snacks-pepsico.com/cl, http://snacks-pepsico.com/cl/, https://snacks-pepsico.com/cl/, https://snacks-pepsico.com/cl/inicio",,true
snack.cl,GTM-WL9ZVDP,,G-9L3PDEDSBY,"https://snacks-pepsico.com/, https://snacks-pepsico.com/cl, http://snacks-pepsico.com/cl/, https://snacks-pepsico.com/cl/, https://snacks-pepsico.com/cl/inicio",,true
gatoraderunning.lat,"GTM-M8XJ427, GTM-WKC2WMX",UA-230272852-2,"G-7WPFGYWL1F, G-7R6D16QGPK",https://gatorade.lat/,,true
campanhatoptime.com.br,,,,https://campanhatoptime.com.br/login.php,,true
stax.cl,GTM-WL9ZVDP,,G-9L3PDEDSBY,"https://snacks-pepsico.com/, https://snacks-pepsico.com/cl, http://snacks-pepsico.com/cl/, https://snacks-pepsico.com/cl/, https://snacks-pepsico.com/cl/inicio",,true
participedoplanetlove.com,,,,https://sumateaplanetlove.com/pt,,true
briskmode.com,GTM-M6CM29,"UA-11585500-4, UA-11585500-1",G-VJ36JWQDE1,"https://domains.squadhelp.com/lpd/name/briskmode.com, https://www.squadhelp.com/name/BriskMode",,true
poppables.com,,UA-11401921-115,G-324255056,https://www.lays.com/product-category/lays-poppables,,true
drinkfinity.co.de,,,,https://subdomain.com/domain.php?domain=drinkfinity.co.de,Erro na navegação: page.goto: net::ERR_NAME_NOT_RESOLVED at http://drinkfinity.co.de/_=========================== logs ===========================_navigating to "http://drinkfinity.co.de/"_ waiting until "domcontentloaded"_============================================================,true
gatorade.tumblr.com,,,,https://www.tumblr.com/gatorade,,true
gatoradehat.com,,,,"https://gatoradehat.com/?ch=1&js=eyJhbGciOiJIUzI1NiIsInR5cCI6IkpXVCJ9.eyJhdWQiOiJKb2tlbiIsImV4cCI6MTY4MzIyMjI1MCwiaWF0IjoxNjgzMjE1MDUwLCJpc3MiOiJKb2tlbiIsImpzIjoxLCJqdGkiOiIydGR2bWF0ZTI2NG4wYzIzOGsxMG9pODMiLCJuYmYiOjE2ODMyMTUwNTAsInRzIjoxNjgzMjE1MDUwNzc1NTE4fQ.VXpCjHS34rN2lPDxWpZb5rNUN6YCtzQC3OpwdzN87lE&sid=ad0c24d0-ea40-11ed-bba0-57d88c68b8b8, http://ww1.gatoradehat.com/",,true
apps.facebook.com,,,,https://www.facebook.com/,,true
culversyellowstone.com,,UA-2110993-1,,"http://www.culvers.com/, https://www.culvers.com/",,true
culverspuzzleadventure.com,,UA-2110993-1,,https://www.culvers.com/,,true
culversadventure.com,,UA-2110993-1,,https://www.culvers.com/,,true
culversholidaysweeps.com,,UA-2110993-1,,https://www.culvers.com/,,true
dewnitedwalmart.com,,,,,Erro na navegação: page.goto: net::ERR_NAME_NOT_RESOLVED at http://dewnitedwalmart.com/_=========================== logs ===========================_navigating to "http://dewnitedwalmart.com/"_ waiting until "domcontentloaded"_============================================================,true
pepsibaseball.com,,,,https://www.pepsibaseball.com/,,true
chooseyourheat.com,,,,http://ww1.chooseyourheat.com/?backfill=0&term=B2B+Travel+Booking+System&term=Best+Mortgage+Refinancing+Rates&term=Elite+Dating+Service&term=Elite+Dating+Services&term=Get+an+Online+Degree&term=Make+Money+From+Home&term=Online+Career+Counseling+Programs,,true
pepfeed.mypepsico.com,,,,"https://secure.mypepsico.com/associatesso/ssologin?TYPE=33554433&REALMOID=06-000d3f28-7682-1424-99cd-da1d9c514017&GUID=&SMAUTHREASON=0&METHOD=GET&SMAGENTNAME=portal2prod-apache-peplxw00043-agent&TARGET=$SM$https%3a%2f%2fpepfeed%2emypepsico%2ecom%2f, https://secure.mypepsico.com/associatesso/login?TYPE=33554433&REALMOID=06-000d3f28-7682-1424-99cd-da1d9c514017&GUID=&SMAUTHREASON=0&METHOD=GET&SMAGENTNAME=portal2prod-apache-peplxw00043-agent&TARGET=$SM$https%3a%2f%2fpepfeed%2emypepsico%2ecom%2f",,true
cookwithquaker.com,,,G-XNFKZTZX02,"https://www.emorrison.com/, https://www.emorrison.com/NGen/login.aspx, https://sso.compassmanager.com/login?service=https%3a%2f%2fwww.emorrison.com%2fNGen%2flogin.aspx",,true
rockstarextramilesweeps.com,,,,,Erro na navegação: page.goto: Timeout 60000ms exceeded._=========================== logs ===========================_navigating to "http://rockstarextramilesweeps.com/"_ waiting until "domcontentloaded"_============================================================,true
pepsibaseballsweeps.com,,,,https://pepsibaseballsweeps.com/ABQIsotopes/,,true
oatauthority.tumblr.com,,,,https://www.tumblr.com/explore?referer=404,,true
lays.fr,GTM-NDF7BCB,,,,,true
pepsico-pro.fr,GTM-54347FT,,,,,true
recettes.quaker.fr,GTM-PV7JWGK,UA-79743383-7,G-JTR0KW2ERL,,,true
pepsico-foodservice.fr,GTM-54347FT,,,,,true
quakerarabia.com,GTM-TB72NWZ,,G-RDQC05070M,,,true
spekkorice.co.za,,UA-49061347-1,G-Q4Z8SEJ7ME,,,true
sasko.co.za,,UA-74112373-1,,,,true
flavorsplash.com,GTM-SXRF,"UA-48868221-2, UA-115508484-1",G-3K6H374GJN,,,true
weareblood.com,,,,https://www.weareblood.com/,,true
yachak.com,GTM-TKQBQ87,UA-62703767-20,G-NMGHSQY3Q3,https://www.yachak.com/,,true
elmachips.com.br,GTM-WSM7Z6P,UA-157267572-27,G-DSJSHS19RY,,,true
pastagrande.co.za,,UA-110554851-1,G-7MLF8G52C7,,,true
winkler-jewelry.com,GTM-K4HB7JM,UA-178554037-1,,,,true
maizoro.com.mx,,UA-49942547-24,,,,true
pepsicoschoolsource.com,GTM-PJBNRSP,UA-198726561-1,,https://www.pepsicoschoolsource.com/,,true
musclemilk.com,,,,https://www.musclemilk.com/,,true
piperscrisps.com,GTM-W4C8CQ7,,,"https://www.piperscrisps.com/, https://www.piperscrisps.com/en",,true
fritolay.com.tr,,UA-75849113-1,,,,true
conquista-bares.com,,,,https://www.conquista-bares.com/,,true
gatorade.at,GTM-TJNDC4Z,,,"https://www.gatorade.at/, https://www.gatorade.at/de",,true
pepsiconcorsi.it,GTM-W4XTQL6,,,https://www.pepsiconcorsi.it/,,true
pidepepsimax.es,,,,https://www.pidepepsimax.es/,,true
meconsumerfeedback.com,,,,https://www.meconsumerfeedback.com/,,true
smiths-chips.com.au,GTM-WSWQLXH,UA-189371829-1,,https://www.smiths-chips.com.au/,,true
pepsi.in,,,,https://www.pepsi.in/,,true
pioneerfoods.co.za,,UA-70504217-1,G-C9H16J2YMM,,Erro na navegação: page.waitForLoadState: Timeout 60000ms exceeded.,true
pepsicotaiwan.com,,,,https://www.pepsicotaiwan.com/,,true
brasil3kmpepsi.com,,,,https://www.brasil3kmpepsi.com/,,true
waterdispenserstandard.com,GTM-KHHNN5V,,,https://www.waterdispenserstandard.com/,,true
funyuns.com,GTM-NM9243S,UA-62703767-10,G-1WJN42T3TW,https://www.funyuns.com/,,true
moresmileswitheverybite.com,,UA-62703767-5,,https://www.moresmileswitheverybite.com/,,true
fritolayemployment.com,GTM-M5GLRL6,UA-62703767-3,,https://www.fritolayemployment.com/,,true
quaker.co.id,,,,https://www.quaker.co.id/,,true
popcorners.com.au,GTM-MRL89HH,,G-X8GM1P769K,https://www.popcorners.com.au/,,true
pepsico.cl,,"UA-73769382-4, UA-33920628-1","G-DV7R6SKYE6, G-0CHEZQ61SD",https://www.pepsico.cl/,,true
fritolayhoops.com,,UA-24623105-33,,,,true
wheeloflevy.com,,,,https://www.wheeloflevy.com/,,true
drinkfinity.com.br,,,,https://www.drinkfinity.com.br/,,true
pepsicoteamofchampions.com,GTM-T6XQJCX,UA-62703767-11,G-DQSRV33D01,https://www.pepsicoteamofchampions.com/,,true
foundedbyher.org,GTM-M4QNC8M,UA-62703767-16,G-FMQSMLCLTZ,https://www.foundedbyher.org/,,true
dolelemonade.com,,,,https://www.dolelemonade.com/,,true
popcorners.com,GTM-KV68297,UA-62703767-30,G-GQ0M06TQHC,https://www.popcorners.com/,,true
pepsico.co.uk,GTM-5SKM947,UA-109062865-1,G-R2G4DTTMRP,https://www.pepsico.co.uk/,,true
chewy.com.mx,GTM-WVD7HQC,"UA-130574213-3, UA-54378716-50","G-KVVF0B7RR4, G-9LES6LMQKQ",https://quaker.lat/mx/,,true
kkwates.com.mx,,UA-54378716-11,,https://kacang.com.mx/,,true
mamutmamut.com.mx,GTM-NBWRF6F,UA-54378716-53,"G-3DJ9NM8BG6, G-BWWY3Y1T9M","https://gamesa.com.mx/, https://joyapp.mx/inicio",,true
mancha-t.com.mx,,UA-54378716-12,G-LKHFPL4KRN,https://rockaleta.com.mx/,,true
quaker.mx,GTM-WVD7HQC,"UA-130574213-3, UA-54378716-50","G-KVVF0B7RR4, G-9LES6LMQKQ",https://quaker.lat/mx/,,true
rockaleta.mx,,UA-54378716-12,G-LKHFPL4KRN,https://rockaleta.com.mx/,,true
ceresfruitjuice.com,,UA-124373303-1,G-Q5HPQZSED5,https://ceresfruitjuice.com/home/,,true
gatorade.com.co,,UA-48521366-1,,https://gatorade.com.co/app/website/,,true
fundacionsabritas.org.mx,,,,https://fundacionsabritas.org.mx/404.html,,true
portalproveedorespepsico.com,,,,"https://portalproveedorespepsico.com/CFDPortal, https://portalproveedorespepsico.com/CFDPortal/",,true
participaconpepsico.com,,,,https://participaconpepsico.com/promotions/not_active/expired/945676,,true
pepsiinteractivevending.com,,,,,,true
drinkfinity.co.uk,,UA-12836346-2,,,,true
earnfootballgear.com,,,,,,true
doritosspiderman.com,,,,,,true
dummy.com,,,,,,true
pepsihootersweeps.com,,,,,,true
toysfortots.org,"GTM-MTRHTV4, GTM-PNP7JWH",UA-69147524-1,G-4SS7PGWH6L,,,true
sodastream.com.br,GTM-5KZMP4W,UA-165887682-1,G-4T3SLZNNVX,https://www.sodastream.com.br/,,true
drinkstation.com,,,,https://www.drinkstation.com/,,true
secretsantapromo.com.au,,,G-HXR60VPREW,https://www.secretsantapromo.com.au/,,true
packsnackwin.com.au,,,G-PMSG2P9SJ9,"https://www.packsnackwin.com.au/, https://www.packsnackwin.com.au/Enter/Closed/",,true
7up.com,,UA-15121949-1,,"http://www.7up.com/, https://www.7up.com/, https://www.7up.com/en",,true
